{
  "logreg": {
    "accuracy": 0.934785,
    "precision": 0.5773116855968226,
    "recall": 0.9478862765288028,
    "f1": 0.7175800619275491,
    "specificity": 0.933530207813976,
    "roc_auc": 0.9795290099588865,
    "pr_auc": 0.7573663662226016
  },
  "rf": {
    "accuracy": 0.999975,
    "precision": 1.0,
    "recall": 0.999713975173045,
    "f1": 0.9998569671310468,
    "specificity": 0.9999999999999946,
    "roc_auc": 0.9999999984329039,
    "pr_auc": 0.9999999836426383
  },
  "gb": {
    "accuracy": 0.999565,
    "precision": 0.9996552912788693,
    "recall": 0.9953663978033294,
    "f1": 0.9975062344139651,
    "specificity": 0.9999671267100905,
    "roc_auc": 0.9999967197542843,
    "pr_auc": 0.9999666023360644
  },
  "knn": {
    "accuracy": 0.99871,
    "precision": 0.9956829563115178,
    "recall": 0.9895314913334478,
    "f1": 0.9925976932346359,
    "specificity": 0.9995890838761937,
    "roc_auc": 0.9998109390922278,
    "pr_auc": 0.9994690615194698
  },
  "dt": {
    "accuracy": 0.999985,
    "precision": 0.9999427917620137,
    "recall": 0.999885590069218,
    "f1": 0.9999141900975372,
    "specificity": 0.9999945211183439,
    "roc_auc": 0.9999400555937836,
    "pr_auc": 0.9998383883764221
  }
}